{
  "n_flips": [
    2,
    4,
    8,
    16,
    32,
    64,
    128,
    256,
    512,
    1024,
    2048,
    4096
  ],
  "heads_count": [
    1,
    4,
    5,
    9,
    13,
    34,
    65,
    144,
    259,
    511,
    1038,
    2033
  ],
  "proportion_heads": [
    0.5,
    1.0,
    0.625,
    0.5625,
    0.40625,
    0.53125,
    0.5078125,
    0.5625,
    0.505859375,
    0.4990234375,
    0.5068359375,
    0.496337890625
  ],
  "expected_value": 0.5
}