{
  "heads_values": [
    0,
    1,
    2,
    3,
    4,
    5
  ],
  "observed_counts": [
    33,
    182,
    284,
    313,
    160,
    28
  ],
  "observed_probabilities": [
    0.033,
    0.182,
    0.284,
    0.313,
    0.16,
    0.028
  ],
  "theoretical_probabilities": [
    0.03125,
    0.15625,
    0.3125,
    0.3125,
    0.15625,
    0.03125
  ],
  "n_experiments": 1000
}